word,c
scoliosis,19564
endometriosis,18857
psychosis,16631
osteoporosis,5409
tuberculosis,3923
diagnosis,3642
trichotillomania,3096
cirrhosis,2966
hyperhidrosis,2892
toxoplasmosis,2612
hypomania,1707
hyperhydrosis,1551
halitosis,1548
dermatillomania,1459
keratosis,1358
hemochromatosis,1007
pyromania,946
adenomyosis,944
kleptomania,928
ketoacidosis,845
metamorphosis,825
megalomania,808
atherosclerosis,760
mononucleosis,693
neurofibromatosis,583
metroidvania,562
sarcoidosis,521
lithuania,506
castlevania,438
diverticulosis,388
trichinosis,330
fluorosis,323
wrestlemania,322
intracrania,313
tendinosis,309
symbiosis,306
morytania,282
misdiagnosis,263
ichthyosis,256
apotheosis,250
arthrogryposis,246
myxomatosis,232
nymphomania,214
osteoperosis,209
dysbiosis,197
hypertrichosis,194
pomerania,190
asbestosis,188
hydronephrosis,180
anhidrosis,170
silicosis,158
sclerosis,157
proptosis,157
thrombosis,156
vaginosis,144
craniosynostosis,141
apoptosis,136
stepmania,136
mastocytosis,136
transcrania,117
prognosis,116
otosclerosis,116
haemochromatosis,116
acanthosis,115
trackmania,113
hyperlordosis,113
dyshidrosis,112
leptospirosis,112
dermotillomania,109
spondylosis,107
megalovania,107
amyloidosis,105
tendonosis,102
hemachromatosis,100
paraphimosis,99
scholiosis,98
cleidocrania,97
arteriosclerosis,94
monomania,89
erotomania,89
phismosis,88
pneumonoultramicroscopicsilicovolcanoconiosis,88
arthrosis,85
brucellosis,78
endometrosis,77
pennsylvania,75
endomitriosis,71
listeriosis,70
overdiagnosis,70
histoplasmosis,66
trichotilomania,65
trichtillomania,59
chlorosis,58
pyschosis,56
leishmania,55
transylvania,53
endometreosis,53
osteonecrosis,51
salmonellosis,51
arithmomania,50
dermatilomania,50
intercrania,50
coccidiosis,47
kyphoscoliosis,47
twintania,46
taxoplasmosis,44
trichitillomania,44
aspergillosis,43
hulkamania,41
hypohydrosis,40
hyperkeratosis,40
babesiosis,38
hemicrania,38
discmania,37
ankylosis,37
icthyosis,36
hyperkyphosis,35
osteopetrosis,34
rostermania,34
shootmania,33
hemochromotosis,33
beatmania,33
substania,32
hypervitaminosis,32
leukocytosis,31
hypohidrosis,31
neurocysticercosis,31
mythomania,30
anaplasmosis,30
ehrlichiosis,30
hypermania,30
neuroborreliosis,30
spherocytosis,29
anhydrosis,28
cyberpsychosis,26
miscellania,26
trichotillamania,25
cleptomania,25
psittacosis,24
endrometriosis,24
dishydrosis,24
endosymbiosis,24
artherosclerosis,24
onychomycosis,24
rhabdomylosis,23
drapetomania,23
psoriosis,22
flourosis,22
alkalosis,22
steatosis,22
tubercolosis,21
botchamania,21
prismania,21
myelofibrosis,21
megalania,21
cysticercosis,21
carotenosis,20
granulomatosis,20
mycoplasmosis,19
meglomania,19
thyrotoxicosis,19
christiania,19
endemetriosis,18
photoptarmosis,18
sportsmania,18
thrombocytosis,18
trichotillimania,17
brittania,17
cryptosporidiosis,16
parabiosis,16
skoliosis,16
pokemania,16
borreliosis,16
mediterrania,15
autohypnosis,15
chromhidrosis,15
electrolosis,15
rhabdomyolosis,15
agranulocytosis,15
metalphosis,15
pneumoconiosis,15
hypothyreosis,14
heterosis,13
graphomania,13
toxiplasmosis,13
phychosis,13
chirrosis,13
trichonosis,13
dermatilliomania,13
axelmania,13
sculiosis,12
tricotillomania,12
insomania,12
keritosis,12
haemachromatosis,12
polyposis,12
melanosis,12
misophania,11
phagocytosis,11
dermatillamania,11
neurosarcoidosis,11
blastomycosis,11
mediterania,11
occitania,11
endocytosis,11
trichomania,11
trichatillomania,11
skullomania,11
cystinosis,11
fluoridosis,11
fibromatosis,11
craniosyntosis,10
toxioplasmosis,10
metachondromatosis,10
scolliosis,10
arthrofibrosis,10
campylobacteriosis,10
shigellosis,10
underdiagnosis,10
schwannomatosis,10
anastomosis,10
undiagnosis,10
hiperhydrosis,9
dermotillamania,9
endimetriosis,9
necrobiosis,9
ichtyosis,9
beatlemania,9
osteporosis,9
niggermania,9
osteoprosis,9
dematillomania,9
trichtotillomania,9
trichtilomania,9
bromhidrosis,9
hyponosis,9
dermitillomania,9
tumorsyphilisitisosis,9
anastamosis,9
scholeosis,9
microcytosis,9
skulliosis,9
choreoathetosis,9
histiocytosis,9
scoleosis,9
toxoplamosis,9
subterrania,9
exostosis,8
ludomania,8
hypotrichosis,8
hiperhidrosis,8
rhinotillexomania,8
kerotosis,8
tuburculosis,8
tasteosis,8
photomania,8
swoliosis,8
physcosis,8
transilvania,8
pommerania,8
bibliomania,7
mauritania,7
ostheoporosis,7
phimiosis,7
adenmyosis,7
dyshydrosis,7
hippopotomonstrosis,7
syndesmosis,7
donovanosis,7
kpoptosis,7
trichotilliomania,7
hyperdrosis,7
edometriosis,7
hemarthrosis,7
pseudoarthrosis,7
stickittothemaneosis,7
hematochromatosis,7
flamingosis,7
endosalpingiosis,7
phsycosis,7
amelanosis,7
hallitosis,7
acrocyanosis,7
carcinomatosis,7
adenomiosis,7
pollinosis,7
hypovitaminosis,7
halatosis,7
matthewmatosis,7
dihydrosis,7
subramania,7
hypolordosis,7
macrocytosis,7
turberculosis,7
infomania,6
dextroscoliosis,6
osteochondrosis,6
hashitoxicosis,6
hemocromatosis,6
demodicosis,6
trichinellosis,6
ostioperosis,6
immigrania,6
neurofibromitosis,6
metempsychosis,6
tastetosis,6
panamania,6
macalania,6
zoochosis,6
erlichiosis,6
lipomatosis,6
schizophrania,6
trichotellomania,6
ostioporosis,6
hyperhyrdrosis,6
lymphocytosis,6
neurofibramatosis,6
ultimania,6
thanatocoenosis,6
miximatosis,6
levoscoliosis,6
dermotilomania,5
pyloricstenosis,5
tricotilomania,5
extracrania,5
osteophorosis,5
posemania,5
subcrania,5
craniosynotosis,5
varicosis,5
classicvania,5
vibriosis,5
andenomyosis,5
mycobacteriosis,5
escoliosis,5
trichtilliomania,5
hypertricosis,5
nephrosis,5
thermosis,5
tulipmania,5
hemacromatosis,5
tebowmania,5
metrovania,5
calcinosis,5
endometiosis,5
physchosis,5
fibromelanosis,5
mycotoxicosis,5
arthrogryprosis,5
andomyosis,5
rustlemania,5
echinococcosis,5
avitaminosis,5
erhlichiosis,5
angiomatosis,5
pastamania,5
castelvania,5
melioidosis,4
mondomania,4
hyperhyrdosis,4
dishidrosis,4
trichillomania,4
palestiania,4
leptokurtosis,4
teberculosis,4
osteroporosis,4
tendenosis,4
parasitosis,4
scioliosis,4
neurocisticercosis,4
endemitriosis,4
heamachromatosis,4
sciolosis,4
kelptomania,4
hemachromotosis,4
dermatillimania,4
retromania,4
sculliosis,4
alderaania,4
mortyania,4
diognosis,4
cyclomania,4
trolliosis,4
trichnosis,4
chemiosmosis,4
karatosis,4
cysticfibrosis,4
vagitosis,4
nuerofibromatosis,4
rotoscoliosis,4
stephania,4
lipidosis,4
socliosis,4
ochronosis,4
catholosis,4
estefania,4
hemochomatosis,4
ketacidosis,4
itchyosis,4
zerrikania,4
otomycosis,4
plasmosis,4
megolamania,4
toxicplasmosis,4
majormania,4
psychoneurosis,4
haemochromotosis,4
romsmania,4
siliconosis,4
endementriosis,4
unsubstania,4
trombosis,4
nexomania,4
sanemania,4
ecchymosis,4
dermatotillomania,3
arteriolosclerosis,3
hemocromotosis,3
taikomania,3
clinomania,3
turbeculosis,3
listerosis,3
megolomania,3
cryptosis,3
gorillamania,3
hematomacrosis,3
arthrogyposis,3
ablutomania,3
coccidioidomycosis,3
arthogryposis,3
pryomania,3
liberosis,3
megolovania,3
cryptobiosis,3
testotoxicosis,3
hyperdosis,3
metamophosis,3
sexomania,3
blepharophimosis,3
thrichotillomania,3
erythrocytosis,3
paychosis,3
lutherania,3
trichotilamania,3
castlvania,3
melorheostosis,3
hepatosteatosis,3
ademyosis,3
athetosis,3
hyoerhydrosis,3
skitzophrania,3
necromania,3
cisticercosis,3
hyperhisrosis,3
disbiosis,3
sarcodosis,3
fuckaroundosis,3
pscyhosis,3
scoriosis,3
drummania,3
enometriosis,3
battlemania,3
babimania,3
mucormycosis,3
electrosis,3
ultimatemania,3
hematomachrosis,3
keretosis,3
nyphomania,3
blepharoptosis,3
veterania,3
rhabdomyalosis,3
prediagnosis,3
trichomycosis,3
athlerosclerosis,3
hyperidrosis,3
pakistania,3
paratuberculosis,3
mapoftasmania,3
coxarthrosis,3
scolyosis,3
turbuculosis,3
dermotillimania,3
endomitrosis,3
lusitania,3
trichotillmania,3
endomentriosis,3
selfdiagnosis,3
condomania,3
polytoxicomania,3
stickittodamaniosis,3
hypothosis,3
nurofibromatosis,3
scroliosis,3
trychotillomania,3
cryonosis,3
miximitosis,3
trichotrillomania,3
pensylvania,3
heamochromatosis,3
hexsylvania,3
cryptococcosis,3
neurofribromatosis,3
babymania,3
hematidrosis,3
potomania,3
elastomania,3
macadania,3
miscelania,3
sciliosis,3
cryptomania,3
antipsychosis,3
trichtitillomania,3
pasteurellosis,3
osteochondromatosis,3
reanastomosis,3
sporotrichosis,3
botswania,3
mixamitosis,3
lipofuscinosis,3
gresselmania,3
icythiosis,3
rubatosis,3
hypervitamintosis,3
trichotilimania,3
onychotillomania,3
pediculosis,3
myxamitosis,3
lumbrosis,3
spondolosis,3
mucoviscidosis,3
kinetosis,3
atheroschlerosis,3
quartermania,3
neurofibromytosis,3
hyperhydriosis,3
haemochromitosis,3
trypomania,3
craniosynestosis,3
andometriosis,3
pseudarthrosis,3
metriodvania,3
endiometriosis,3
castlemania,3
philmosis,3
dermatilamania,3
leptosperosis,3
andeomyosis,3
myxamatosis,3
unexplania,3
endometeriosis,3
transoxania,3
argyrosis,3
furunculosis,3
cheilosis,3
hyperostosis,3
satyromania,3
scolisosis,2
rabdomylosis,2
dermatophytosis,2
candidosis,2
logomania,2
athersclerosis,2
arthrigryposis,2
bartonellosis,2
hyerhidrosis,2
stupiditisosis,2
palestania,2
trichtotilomania,2
magalomania,2
hydronefrosis,2
enodmetriosis,2
microdosis,2
cubemania,2
scelerosis,2
nynphomania,2
rectocrania,2
metemorphosis,2
berylliosis,2
hemotomachrosis,2
endometirosis,2
perfumania,2
hyprhidrosis,2
endomertiosis,2
craniosynatosis,2
phenomania,2
hemochromitosis,2
idolmania,2
psyriosis,2
octosclerosis,2
teburculosis,2
asbetosis,2
ketoacitosis,2
mazdamania,2
toxicosis,2
dyskeratosis,2
circumstania,2
loridosis,2
masocytosis,2
kshootmania,2
diangosis,2
abestiosis,2
rhabdomyosis,2
turbercolosis,2
maschosis,2
swoleiosis,2
triganosis,2
neuroapoptosis,2
hasteoporosis,2
megamania,2
vinnyvania,2
hallucinosis,2
neurofibramitosis,2
tricchotillomania,2
trichninosis,2
endometrieosis,2
endimentriosis,2
triplemania,2
wentzylvania,2
palatinosis,2
hallatosis,2
tricholliomania,2
canceritisosis,2
meglovania,2
kiratosis,2
sharktosis,2
plutomania,2
polyhydramniosis,2
angelomorphosis,2
christania,2
pshychosis,2
mucopolysaccharidosis,2
spondyloptosis,2
ultrahypnosis,2
endomotriosis,2
coccidosis,2
onomatomania,2
toxoplazmosis,2
hypothyrosis,2
hypertarallosis,2
minermania,2
marijuania,2
cryptosporidosis,2
vagimosis,2
cheetosis,2
contrania,2
gliomatosis,2
trichotemnomania,2
vaccinosis,2
mixomatosis,2
demodecosis,2
trichotollomania,2
tulipomania,2
hieronmania,2
visceroptosis,2
endromitriosis,2
teameriosis,2
endomeitriosis,2
morphosis,2
paradentosis,2
nuerosarcoidosis,2
fuckaboutosis,2
craniosynstosis,2
spodylosis,2
keloidosis,2
micromania,2
hyperhidriosis,2
tubercholosis,2
babytosis,2
trichitilomania,2
astlevania,2
scitsofrania,2
trichitollomania,2
andrometriosis,2
multirotormania,2
hyperboliosis,2
turboanalosis,2
necroptosis,2
dermatosis,2
antiromania,2
mucinosis,2
multiplesclerosis,2
mortytania,2
trichotillania,2
biebermania,2
psitticosis,2
lichensclerosis,2
ekpyrosis,2
arsenalmania,2
dermatollomania,2
saintsymbiosis,2
endometrisosis,2
combosmosis,2
hypherhidrosis,2
thyroidtoxicosis,2
endomorphosis,2
huperhydrosis,2
kofimania,2
adenometriosis,2
papillomatosis,2
stickittodamanniosis,2
steinmania,2
effemania,2
transmania,2
parakeratosis,2
osteperosis,2
mauretania,2
endrometrosis,2
sitiomania,2
osteoradionecrosis,2
neurofibermitosis,2
parallelomania,2
nerofibromatosis,2
fapomania,2
swanomatosis,2
osteophytosis,2
atheroslerosis,2
dipsomania,2
craneosinostosis,2
paradontosis,2
anadiplosis,2
coccidiomycosis,2
thyrotoxocosis,2
steffania,2
caritosis,2
pushmania,2
toxplasmosis,2
monocytosis,2
demosclerosis,2
anisocytosis,2
khyphosis,2
halleberrytosis,2
antibiosis,2
endodemetriosis,2
adenomysosis,2
blitzmania,2
commentomania,2
craniostenosis,2
reticulocytosis,2
hippopatamonstrosis,2
neurofibtosis,2
tricholillomania,2
erythroblastosis,2
aboulomania,2
harlequinicthyosis,2
coinmania,2
medroidvania,2
cameltosis,2
neebsylvania,2
mastocystosis,2
hexylvania,2
glycolosis,2
trichotilllomania,2
hemochomotosis,2
porokeratosis,2
biomechania,2
craniosynistosis,2
tricholtillomania,2
phimososis,2
hyperthyreosis,2
durkdurkistania,2
dermatillonmania,2
listmania,2
osteosclerosis,2
endonetriosis,2
nephrocalcinosis,2
sarcloidosis,2
kreatosis,2
toburculosis,2
thantocoenosis,2
hypochondriacosis,2
schlerosis,2
trichtolomania,2
pneumatosis,2
apoteosis,2
hypokyphosis,2
endomtriosis,2
scholosis,2
romanmania,2
tricomycosis,2
scoilosis,2
hyperhidosis,2
hyperketosis,2
exocytosis,2
entometriosis,2
pigmentosis,2
hopenosis,2
ostoporosis,2
osteopeania,2
gigamania,2
neurfibromatosis,2
endometryosis,2
louisiania,2
neurophybromatosis,2
hystoplasmosis,2
osteoparosis,2
madarosis,2
dermatolomania,2
silvermania,2
crainiosynostosis,2
boreliosis,2
neuroborelliosis,2
haussmania,2
trichitllomania,2
livercirrhosis,2
pleurosis,2
tuberclosis,2
neurofribromitosis,2
toxicomania,2
spermotoxicosis,2
oestoporosis,2
hyperhyidrosis,2
lisztomania,2
adenoymosis,2
pneumotosis,2
chaosmosis,2
osteroperosis,2
libertariania,2
ancanthosis,2
trichomonosis,2
roberculosis,2
pneumoultramicroscopicsilicovolcanoconiosis,2
pylorostenosis,2
ictheosis,2
ellismania,2
medditerania,2
axlemania,2
awwsteoporosis,2
artheriosclerosis,2
postcrania,2
trichotellimania,2
haoletosis,2
spinalosis,2
phoimosis,2
gnomemania,2
scullyosis,2
cysticphibrosis,2
hemocrania,2
leishmaniosis,2
stickittothemanosis,2
oestroporosis,2
angryspania,2
liethuania,1
hydroureteronephrosis,1
yestlemania,1
trichilomania,1
hypervitminosis,1
craniostinososis,1
assbacterialtosis,1
sillimania,1
hipomania,1
schwartzmania,1
haemerthrosis,1
skeptosis,1
trichromatilomania,1
epignosis,1
genenosis,1
sitomania,1
severehyperhydrosis,1
dagestania,1
craniosysostosis,1
berryliosis,1
hypethydrosis,1
bartenollosis,1
infernosis,1
electromania,1
authoritariania,1
leptospyrosis,1
skeliosis,1
vaticania,1
hemachoromotosis,1
sarcodiosis,1
newtoniania,1
socoliosis,1
spondiliosis,1
meiolania,1
dacnomania,1
cristiania,1
apopptosis,1
pshycosis,1
phimsosis,1
vosstania,1
stencilvania,1
dermatoheliosis,1
endmetriosis,1
rhabodmylosis,1
dermophillomania,1
muslimania,1
milikania,1
neuronecrosis,1
skuliosis,1
hyperkhyphosis,1
siflisidisosis,1
lypolosis,1
trichomoniosis,1
athlerosclorosis,1
arithnomania,1
dysmorphosis,1
dermotilimania,1
salmonelliosis,1
cybercycosis,1
fluorodosis,1
ostioprosis,1
greedomania,1
oswoliosis,1
kypholordosis,1
vagineurosis,1
trichlomania,1
onychomychosis,1
dermatlomania,1
fiberglassosis,1
multiplesclorosis,1
hyperviscosis,1
douchemania,1
chimpmania,1
aerobiosis,1
osteoposis,1
statpadmania,1
tricinomania,1
thricotillomania,1
aquariumosis,1
sclerosteosis,1
parateninosis,1
prikliosis,1
meganlomania,1
anacyclosis,1
fancifulmania,1
madirosis,1
endrometeosis,1
giantmania,1
hypothyroidosis,1
hydrolosis,1
acidoketosis,1
ichythyosis,1
pneumocystosis,1
makomania,1
paraphymosis,1
hypoimania,1
eleutheromania,1
scaliosis,1
endokeytriosis,1
gastroperosis,1
repackmania,1
maxkolombosis,1
pixelosis,1
melliania,1
arachnoidosis,1
ostheoperosis,1
hyperhrdrosis,1
dickotillomania,1
klemptomania,1
microgliomatosis,1
panostenosis,1
rectalcrania,1
karatoconosis,1
kyposcoliosis,1
aspirgillosis,1
clickermania,1
nimphomania,1
icktheosis,1
polkamania,1
poikilocytosis,1
glassmania,1
sarcywierdosis,1
siphilisetisitisosis,1
wealthburculosis,1
sportmania,1
mononeucluosis,1
ladyartosis,1
scolicosis,1
fuckingfaggotberculosis,1
homozygosis,1
trichilmania,1
telenosis,1
arthrosclrosis,1
craneosintosis,1
rektoliosis,1
hepatomatosclerositoplasmosis,1
tritchitillomania,1
sharkoidosis,1
hypakaratosis,1
osteosynostosis,1
reditosis,1
eboliosis,1
wresylemania,1
hyperydrosis,1
moviemania,1
skitzaohrania,1
hyperidosis,1
andenymiosis,1
ketarosis,1
mastcytosis,1
ketatosis,1
crypromania,1
hemecromitosis,1
endeometreosis,1
psycohosis,1
milleania,1
unobtania,1
endimitriosis,1
araucania,1
hematochrosis,1
juggalosis,1
calitosis,1
neurofibromotosis,1
anaplamosis,1
tricolomania,1
hyperthyrosis,1
lousiania,1
asbestososis,1
ellipsiosis,1
transbiosis,1
endemetreosis,1
methemspychosis,1
cephalosclerosis,1
hemochormotosis,1
tldriosis,1
dermatilimania,1
fatfaggotosis,1
snegalomania,1
techneurosis,1
gargantuania,1
translyvania,1
cinetosis,1
prosopagnosis,1
myelomatosis,1
herpagonarhiphyllisitisosis,1
pensulvania,1
trihotillomania,1
megalivania,1
neurolegomuscleitisosis,1
osteopowosis,1
ostiopurosis,1
tublirania,1
southparkromania,1
meddeterrania,1
poliotosis,1
etrotomania,1
acompania,1
kleptonania,1
keretacosis,1
growthmania,1
muudomania,1
bundymania,1
bachmania,1
diveticulosis,1
hallytosis,1
trichliomania,1
cutetosis,1
magpiemania,1
scilorosis,1
alfarmania,1
vitaminosis,1
hyperdryosis,1
osteocondromatosis,1
flopmania,1
hypergingivalfibromiosis,1
leukoaraiosis,1
codiagnosis,1
humorosis,1
grudenmania,1
subterriania,1
oculodiagosis,1
encoprosis,1
quirkiosis,1
megelomania,1
appollomania,1
hypohysrosis,1
melonmania,1
sockemitosis,1
psoriaosis,1
indimetriosis,1
endodemetrosis,1
endometroiosis,1
postprania,1
camelotosis,1
necronecrosis,1
mystimania,1
cytauxzoonosis,1
sonicmania,1
rhabdomyliosis,1
metallosis,1
hemochromtosis,1
pensilvania,1
crackistania,1
adenamyosis,1
cancertosis,1
meningiomatosis,1
toxioplazmosis,1
cheetoacidosis,1
twitchatosis,1
aconthosis,1
crandamania,1
prizmania,1
scrolliosis,1
pseudarthosis,1
losteoperosis,1
adogecoinosis,1
endomethriosis,1
volcaniosis,1
osthereoprosis,1
dicktosis,1
anamorphosis,1
austoporosis,1
cyberpshychosis,1
sarcoydosis,1
mucopolysaccharodosis,1
grassmania,1
altohosis,1
terbuculosis,1
hyperhidrsosis,1
bokehmania,1
libertania,1
avaginosis,1
aspergilliosis,1
genonosis,1
rhambdomyosis,1
sabtarania,1
badmintomania,1
sponylosis,1
crainostostiosis,1
acidohidrodermatosis,1
mcatmania,1
strongyloidiosis,1
osteogenosis,1
spiculosis,1
psoraosis,1
carcinamatosis,1
lithiania,1
slammalovania,1
symphonicmetalorosis,1
stickittothemaninosis,1
amniomiosis,1
euromaidania,1
prettyosis,1
wrestmania,1
ligamentosis,1
geriatrictosis,1
tricotillamania,1
wrestlmania,1
isosporosis,1
kerastosis,1
aponeurosis,1
scytzophrania,1
pederosis,1
ehrlichosis,1
jesusofpennsylvania,1
cardiovaginosis,1
trickyspania,1
turburclosis,1
ubermania,1
hypohypomania,1
badjokeatosis,1
tumorsyphillusitisosis,1
ottomania,1
siagnosis,1
hyponania,1
tricototillomania,1
spinaphallosis,1
trichtotilliomania,1
scandavania,1
schwantzmania,1
mylofibrosis,1
appotheosis,1
hyperfriendshiposis,1
hypermelanosis,1
talbiania,1
errlichiosis,1
trichotolimania,1
leptoserosis,1
misdignosis,1
adiagnosis,1
cycticerosis,1
tedonosis,1
motschmania,1
pericrania,1
coxartrosis,1
trannsylvania,1
thyroidendoisometriosis,1
puritania,1
hyperhirdosis,1
upvotemania,1
swoleosis,1
tabbymania,1
hemochromoitosis,1
cholesterolosis,1
faceitosis,1
myogelosis,1
nimfomania,1
anthraxulosis,1
trictilomania,1
pyshcosis,1
penssilvania,1
porkinosis,1
pancreonecrosis,1
psichosis,1
elderosis,1
cellulosis,1
authoritania,1
haemocromatosis,1
neruofibromatosis,1
willymania,1
trichetillomania,1
cooleosis,1
rhabdomyoliosis,1
tirichotillomania,1
keytoasitosis,1
ooteoporosis,1
sniperosis,1
overlordosis,1
hyperbysrosis,1
casualosis,1
bicepmania,1
overdosis,1
fibropapillomatosis,1
sociolosis,1
androhydosis,1
hyhperhidrosis,1
diagniosis,1
ichthyhosis,1
enndometriosis,1
scaleosis,1
endometretriosis,1
angelmania,1
dermatalomania,1
facialcrania,1
magentanosis,1
icythosis,1
craneosynostosis,1
arsenicosis,1
brickmania,1
histoplamosis,1
neurocystercircosis,1
retroperitonealfibrosis,1
yuktobania,1
metroidavania,1
brocidosis,1
medtroidvania,1
giglomania,1
endomytriosis,1
bezelmania,1
malkamania,1
lythgoemania,1
anamitriosis,1
ochychotillmania,1
hydrophrenosis,1
keratatosis,1
chondrocalcinosis,1
chilemania,1
psygnosis,1
wresltemania,1
sarcasmosis,1
anocytosis,1
tooberculosis,1
astryophorosis,1
freshmania,1
railmania,1
endomitiriosis,1
testeburculosis,1
paintheroserosis,1
leptospiriosis,1
armpitspellliketacososis,1
disbacteriosis,1
ichytheosis,1
asscoliosis,1
scolioliolioliosis,1
pnuemonoultramicroscopicsilicovolcanocoaniosis,1
sequelmania,1
multiexostosis,1
ehrlychiosis,1
endimetreosis,1
methomania,1
absetosis,1
rabdomyolosis,1
poliposis,1
neurofbromatosis,1
multiphragocytosis,1
scolpomania,1
fatfaceosis,1
trichtollomania,1
dermatatillomania,1
tenonosis,1
scolirosis,1
penselyvania,1
noskillmania,1
lebronmania,1
miximetosis,1
mixamatosis,1
craniosytnistosis,1
paramycosis,1
canthosis,1
fictionmania,1
onychocryptosis,1
phlemosis,1
osteoporeosis,1
telegnosis,1
draevania,1
luistania,1
mediteriania,1
doritosis,1
megamorphosis,1
hypersydrosis,1
endormetriosis,1
turbovania,1
craniolsynostosis,1
anoplasmosis,1
extraplania,1
drematollomania,1
hulkomania,1
campilobacteriosis,1
pneuomonoultramicroscopisilicovolcaniconiosis,1
dumbfuckerosis,1
osteoflexarosis,1
trictotillamania,1
dysibiosis,1
nondometriosis,1
shermania,1
toxoplaxmosis,1
unionmania,1
arterioschlerosis,1
legionellosis,1
chromohydrosis,1
pictomania,1
trillotichomania,1
spondilosis,1
amaurosis,1
osteopoikilosis,1
hyperhyrosis,1
haemochromatiosis,1
pachyostosis,1
blurtitosis,1
necronosis,1
chyrhosis,1
cystercicosis,1
geoniosis,1
musclemania,1
eponymiosis,1
cardtosis,1
trichotrillania,1
heterochromania,1
randomhandiosis,1
ashytosis,1
scitsophrania,1
metamchpomnejsjhpsychosis,1
evrytania,1
endocrapiosis,1
pipemania,1
erlichsiosis,1
marriagetomania,1
nospineitisosis,1
trichtotillamania,1
pneumonomicroscopicsilicovolcanoconiosis,1
atherloschlerosis,1
callomania,1
dermitilliamania,1
sperocytosis,1
andomeyosis,1
cirhhosis,1
aorticstenosis,1
euromisatosis,1
theirnpsychosis,1
parapsychosis,1
cliptomania,1
wookieoperosis,1
mixomitosis,1
hydroclosis,1
scholliosis,1
terriosis,1
aetherosclerosis,1
endodimetriosis,1
tricinosis,1
amaloydosis,1
diggotosis,1
endomiosis,1
rhombosis,1
scombroidosis,1
doagnosis,1
clamydiosis,1
shitpostosis,1
hypeerhydrosis,1
homicidalmania,1
paradosis,1
echymosis,1
capitania,1
paristolosis,1
nepotmania,1
neurotoxoplasmosis,1
wrasslemania,1
zerrakania,1
mindfulnessmania,1
acropustulosis,1
sobredosis,1
neruofibermatosis,1
sarcastitosis,1
phiamosis,1
multiesclerosis,1
pscyholigotomania,1
houseatosis,1
dictrotilomania,1
brucelosis,1
claustromania,1
lipohaemarthrosis,1
osteocraniofigosis,1
hemichromitosis,1
schitzophrania,1
arterioscelrosis,1
disbyosis,1
arthogyprosis,1
liberterania,1
craneosmosis,1
transelvania,1
techgnosis,1
cautiousmania,1
magloshitpostvania,1
dyschondrosteosis,1
trichollomania,1
triconosis,1
hydronehrosis,1
taxioplasmosis,1
cystercercosis,1
tuberclulosis,1
skulleosis,1
migrainosis,1
backwardsosis,1
planktolovania,1
wentzamania,1
saskatchewania,1
toxomplasmosis,1
athroscerlrosis,1
afrocytosis,1
tommygnosis,1
thanatosis,1
mesopotania,1
attentionomania,1
trichltillomania,1
hypothiaminosis,1
whippernovamania,1
psychiosis,1
anihidrosis,1
phagomania,1
muffinmania,1
ketonosis,1
nudeitridosis,1
simbiosis,1
isolatinosis,1
babsiosis,1
goosemania,1
churrosis,1
faciocrania,1
scalerosis,1
macrositosis,1
spomdylosis,1
tokyovania,1
scirrosis,1
maximatosis,1
enendometriosis,1
serialmania,1
tuerculosis,1
otoslerosis,1
palmerania,1
financiania,1
hoffmania,1
lazytosis,1
themoviemania,1
winnipegosis,1
catalania,1
kmfdmania,1
hightosis,1
pscoliosis,1
litrhuania,1
nashetania,1
coccisidiosis,1
spodylithiosis,1
komandosis,1
amylodosis,1
karmawhorosis,1
hyperhodrosis,1
phiberosmosis,1
endimirtiosis,1
glazomania,1
hyperacidosis,1
elastosis,1
toberculosis,1
psiticosis,1
dehydrosis,1
ketomania,1
bernisandosis,1
bpriolosis,1
rhabdomyelosis,1
oseteoporosis,1
lowerdosis,1
totaliania,1
caratosis,1
naturalketosis,1
summermania,1
luthuania,1
medeterrania,1
neuroscoliosis,1
gasteoporosis,1
astereognosis,1
deramtillomania,1
tricanosis,1
hepatocirrhosis,1
trichhotillomania,1
hemochrometosis,1
tendinsosis,1
burcellosis,1
myxamotosis,1
caatlevania,1
myaxomatosis,1
hypergydrosis,1
hemomobilosis,1
kwasmosis,1
crainiosynistosis,1
cleggmania,1
hypertrichinosis,1
oligohidrosis,1
ostechrondrosis,1
hamburbuniosis,1
lombardosis,1
guychosis,1
aquitania,1
nuditritosis,1
pseyechosis,1
momomania,1
athrosclerosis,1
haliotosis,1
dermatiliomania,1
dysbyosis,1
nanomania,1
beermania,1
ebdometriosis,1
trictiolmania,1
onychoptosis,1
cyronosis,1
protropania,1
myxomytosis,1
pustulosis,1
toxyplasmosis,1
endimetrosis,1
dickmania,1
trackamania,1
paranormania,1
walemania,1
catlevania,1
scoliokyphosis,1
mxxymotosis,1
pneumonultramicroscopicsilicovolcaniconiosis,1
cliedocranialsynostosis,1
triginosis,1
cantstopupgradingitusosis,1
rhamdomyolosis,1
buizelmania,1
schizofrania,1
lymphangioleiomyomatosis,1
taxopaslmosis,1
blepherophamosis,1
thismania,1
kittyacidosis,1
dispomania,1
teburkelosis,1
hyperlunomania,1
kyphposis,1
gigalomania,1
chirrhosis,1
tyhrranosis,1
ureoplasmosis,1
rhadomyosis,1
mitomania,1
heieromania,1
haemachromotosis,1
ghettosis,1
everoosis,1
nodulersclerosis,1
treponematosis,1
pixelmania,1
pleurodosis,1
oseteoperosis,1
haemochronatosis,1
dyshridosis,1
ichtiosis,1
hermanosis,1
triguerosis,1
indimitriosis,1
cirrohosis,1
leucocytosis,1
mononucleiosis,1
pyrokleptomania,1
cryomania,1
hoovertosis,1
tympanosclerosis,1
neurofibrokeratosis,1
subterania,1
stickittothemanneosis,1
arsecheekosis,1
allytosis,1
celidocrania,1
adenmiosis,1
leiomyomatosis,1
sissyhypnosis,1
hufefuckingtititosis,1
elowniaoceania,1
nicotania,1
skoleosis,1
scrollyosis,1
penocleptomania,1
hypderhidrosis,1
gastrosis,1
hyperkiphosis,1
oscoliosis,1
endinitriosis,1
polionosis,1
smoobeoperosis,1
orlandumania,1
clediocrania,1
topfinosis,1
spondyolosis,1
satyamania,1
craneostenosis,1
explodeybonesterosis,1
narcolephsymania,1
supermania,1
butthurtiosis,1
hackmania,1
levosciliosis,1
slugomania,1
iamtheqieenofromania,1
pardentosis,1
endometetriosis,1
ophidiomania,1
paoriosis,1
trichitotillomania,1
leptosporosis,1
supernovamania,1
borediosis,1
hypotyposis,1
lobomycosis,1
ileoanalanmosis,1
hamitosis,1
hhhhhhhhalitosis,1
osteosporosis,1
diganosis,1
hyperlipidosis,1
rocksyvania,1
enchondromatosis,1
lakapussitosis,1
spondyliosis,1
altomania,1
bitchatosis,1
toxosplasmosis,1
arbenstania,1
endomatriosis,1
bakermania,1
euromania,1
dermotiliomania,1
roamingmillania,1
ketoacedosis,1
scoloiosis,1
threeberculosis,1
tricotrillmania,1
thewebomania,1
atheroclerosis,1
missingpartitosis,1
kleptopmania,1
lipodermatosclerosis,1
psarchoidosis,1
hyperdrylosis,1
narcomania,1
phaggocytosis,1
marsiania,1
hyperdidrosis,1
hypthosis,1
photoaptosis,1
superposis,1
myximatosis,1
hippomonstrosis,1
dacryostenosis,1
kyperkeratosis,1
nothingswrongatosis,1
metagnosis,1
dermovagismosis,1
dermatomycosis,1
dinosaurmania,1
polyembolokoalamania,1
kitoacidosis,1
metalthingiosis,1
pneumonoultramicroscopicvolcanoconiosis,1
oesteoperosis,1
cybercrosis,1
arthogyposis,1
trichitolomania,1
badassiosis,1
gastreoparosis,1
supramania,1
ostoprosis,1
baharania,1
abestosis,1
escromania,1
dermonecrosis,1
techmania,1
ostiobonkosis,1
tricitollomania,1
hailitosis,1
rabdomiolosis,1
pondermania,1
laboratoryania,1
onycomycosis,1
uninucleosis,1
accompania,1
tedninosis,1
myscoliosis,1
varroosis,1
endopsychosis,1
intrarectalcrania,1
sofamania,1
scooliosis,1
turboatculosis,1
losteoporosis,1
narwhalosis,1
somatosis,1
shwanomatosis,1
queefatosis,1
gargolosis,1
lesbiania,1
bedglueyosis,1
skullmania,1
arthesclerosis,1
substiania,1
pseudoptosis,1
selfhypnosis,1
kompromatosis,1
arthrogyrposis,1
sometranslyvania,1
junkmania,1
cervicocrania,1
swerveamania,1
lumberlaradosis,1
raspbania,1
erichlosis,1
nesidioblastosis,1
hypothyroridosis,1
jimmermania,1
neurophibromatosis,1
myxobacteriosis,1
sceriosis,1
fabulosis,1
virtuosis,1
taxoplamosis,1
brainosis,1
faggotosis,1
osteroperaosis,1
metachrosis,1
kaasmania,1
automystochiosis,1
schistomaiosis,1
oaksteoperosis,1
trichotillonania,1
giardiosis,1
ovalocytosis,1
hiperkhyphosis,1
dermotillmania,1
splondyosis,1
medditerrania,1
scelorosis,1
barcodemania,1
broliosis,1
psychomania,1
hypochondriosis,1
halotosis,1
rutheania,1
neuroboreeliosis,1
meatamorphosis,1
angermania,1
polystyrenomania,1
sethmania,1
ketoaciosis,1
klazomania,1
orangutania,1
lituhania,1
hypotheriosis,1
hyperthydrosis,1
kleotomania,1
hemochroatosis,1
trichanosis,1
periodontosis,1
dermattillomania,1
dravnania,1
ostepetrosis,1
leopardosis,1
thirstosis,1
idiotosis,1
hyperherdrosis,1
pneumonoultrasilicovolcanoconiosis,1
irithoyosis,1
trichatilomania,1
polycrania,1
haemacromatosis,1
moneymania,1
cucumbermania,1
pesudoarthrosis,1
chazmosis,1
stereognosis,1
cooliosis,1
arthrogrynposis,1
rappiosis,1
focalsegmentalglomerulosclerosis,1
myxymatosis,1
dyshrosis,1
sardiania,1
impatientosis,1
endrometiosis,1
technomania,1
applemania,1
faggotmania,1
fibreglassosis,1
vegematosis,1
endemetrosis,1
idontgiveafuckiosis,1
hieromania,1
costcondrosis,1
sarcadosis,1
hemochramotosis,1
mangomania,1
estefiania,1
abdometriosis,1
endrimetriosis,1
toxicoplasmosis,1
meirlosis,1
hyperkeretosis,1
expertosis,1
acidketosis,1
automnania,1
chungmania,1
annoymania,1
hyperdydrosis,1
hypertrychosis,1
andeomiosis,1
mycroplasmosis,1
marriedtosis,1
endrimitriosis,1
psycbosis,1
keratinosis,1
eskimosis,1
triptotilomania,1
mettoidvania,1
esportmania,1
topfinanosis,1
meramorphosis,1
armadillomania,1
trictillamania,1
amiibomania,1
trichotalimania,1
arithomania,1
ateriosclerosis,1
neurofibronatosis,1
cephaloanalosis,1
fibramatosis,1
haemachoromatosis,1
corthosis,1
tubercttlosis,1
borrelliosis,1
trchotillomania,1
lynchamania,1
hypospringmania,1
trictotillomania,1
shawarmania,1
primtosis,1
trichophagomania,1
beakermania,1
ultramicroscopicsilicovolcanoconiosis,1
pneaumonoultramicroscopicsilicovolcanoconiosis,1
trichorillamania,1
touhouvania,1
indometriosis,1
gasterperosis,1
spongiosis,1
parasymbiosis,1
hematohidrosis,1
scoliolioloxenfeeosis,1
horsemoplasmosis,1
osmidrosis,1
osteoscoliosis,1
hyperselenosis,1
birditosis,1
trichototillomania,1
schmelania,1
coccoidosis,1
oesteoporosis,1
cytauxoonosis,1
scozzoliosis,1
injurymania,1
toxoplosmosis,1
blatomycosis,1
ocularfelinecybertosis,1
muppetmania,1
fargmania,1
togglemania,1
diagnosatosis,1
shnemosis,1
ancapistania,1
spondylolosis,1
cystericosis,1
trichotiliomania,1
artesania,1
spotsmania,1
scolioliolioliolioliosis,1
nolegsiosis,1
arterosklerosis,1
metamorfosis,1
rhabdosis,1
insomnimania,1
coccidioidiomycosis,1
woodmania,1
uromitosis,1
turburculosis,1
scolisiosis,1
metarmophosis,1
scroleosis,1
origamania,1
chromatoneosis,1
flabbergastrosis,1
myleofibrosis,1
akinthosis,1
hematosis,1
mononuclebrosis,1
hyperhydosis,1
oestoprosis,1
chlamydiosis,1
theromania,1
kerarosis,1
atherclerosis,1
meiterania,1
deadlockmania,1
sphondylosis,1
trickortreatamania,1
icthyiosis,1
campleobacteriosis,1
smarkamania,1
turboculosis,1
dermitolomania,1
sarcoitosis,1
exolordosis,1
asbestiosis,1
metroidivania,1
trumpmania,1
schizomania,1
crayniosyntosis,1
backwardosis,1
neurotfibromatosis,1
nacomania,1
hasartosis,1
paraphemosis,1
nympomania,1
nihlipseudosis,1
dermatillonania,1
methamorphosis,1
capslockdosis,1
dematilomania,1
palmerhydrosis,1
electronarcosis,1
transvania,1
lobstermania,1
endometresosis,1
atherosclorosis,1
hydrohidrosis,1
throbosis,1
toxopladmosis,1
retrodiagnosis,1
scarchoidosis,1
parodontosis,1
amilosorcoidosis,1
trichtinosis,1
treptulamania,1
endmetrosis,1
clipnosis,1
trichitollimania,1
tintacticmethiorithicplaxianosis,1
tricothillimania,1
microcerebrosis,1
singausreania,1
arthrogriposis,1
adbrodania,1
mastogonnhacoritisesiumitosis,1
scandania,1
adneomyosis,1
ozonucleosis,1
oesteoparosis,1
bullmania,1
tuberulosis,1
toxaplamosis,1
apothosis,1
szichzophrania,1
meriodiania,1
leshmania,1
orchidocyanosis,1
trichotillosis,1
cocklinguelosis,1
scitofrania,1
meglamania,1
exosmosis,1
lauralania,1
botchmania,1
majoritania,1
duonucleosis,1
haileytosis,1
onychotilomania,1
susbstania,1
mukoviszidosis,1
brocktosis,1
lipoblastomatosis,1
hydroneprhosis,1
tubercliosis,1
erythrosis,1
trichilotomania,1
nuerofibrosis,1
ostereoporosis,1
stashtosis,1
nitromania,1
scloriosis,1
scitozophrania,1
irrlichiosis,1
anastemosis,1
trychosis,1
haliatosis,1
hegonnadieosis,1
metrodvania,1
adnenomyosis,1
ostopersosis,1
mishumania,1
lymphangiomatosis,1
flouridosis,1
hypeascosis,1
prionosis,1
sphercytosis,1
strombosis,1
hemacrania,1
fyromania,1
hyperlordoscolosis,1
zombiosis,1
pennshitvania,1
zookamania,1
mononuclearblastosis,1
dancemania,1
endoemtriosis,1
kyphoscholiosis,1
castalvania,1
parallelositosis,1
stickitothemaneosis,1
quipmania,1
eyesteoporosis,1
pyrolimbiosis,1
steveychitodrosis,1
metaporphosis,1
scepsiltosis,1
lordiosis,1
monostereosis,1
lacticacidiosis,1
neosporosis,1
trochotillomania,1
trichosis,1
trichotlomania,1
antracosis,1
lectospirosis,1
hulkmania,1
endomeriosis,1
suckasstosis,1
spondyloltheosis,1
padremania,1
trychtotylomania,1
clapamania,1
dermatilonmania,1
pacmanocytosis,1
tranclosis,1
hulkumania,1
craniostynostosis,1
trichitillamania,1
tyrosinosis,1
scoiliosis,1
hemocrhomatosis,1
enedemetrosis,1
socialmania,1
spartania,1
pigmatosis,1
austioperosis,1
milkamania,1
kukulcania,1
microthrombosis,1
echolomania,1
metaboisperosis,1
ckosmosis,1
othosklerosis,1
bladdermedicosis,1
hypervitamosis,1
levischoliosis,1
assholiosis,1
chipotleosis,1
nephroptosis,1
dertimatillomania,1
dermitelomania,1
sphereocytosis,1
cosmeremania,1
neuorofibromatosis,1
tricholomania,1
scholisosis,1
arthersclerosis,1
hemangiomatosis,1
synostosis,1
postoldshitthatsbeenpostedfivethousandtimesosis,1
cerrhosis,1
psycomania,1
phirmosis,1
dermatellomania,1
ketoacidiosis,1
opostieoporosis,1
miniatosis,1
hyptnosis,1
casualtosis,1
collarboniosis,1
shitslvania,1
patellartendenosis,1
osteorlperosis,1
terbicalosis,1
anocrania,1
stratmania,1
dystympania,1
trichtrillomania,1
beefoalcoholismosis,1
pastuerellosis,1
thumbosis,1
gamemania,1
pronociniania,1
atthrosis,1
humanosis,1
textbookmania,1
trentatosis,1
dreadsylvania,1
psychonecrosis,1
apostheosis,1
thrillosis,1
tubonerculosis,1
trickinosis,1
ovalcytosis,1
meteoidvania,1
trascrania,1
rhabomyolosis,1
volleyballmania,1
tubularclorosis,1
trichitolmania,1
aopptosis,1
spondolisothiosis,1
mesokurtosis,1
dracomorphosis,1
polymyotosis,1
cranialsynostosis,1
tasttosis,1
trichenosis,1
arterialsclerosis,1
scerlosis,1
hippopotmonstrosis,1
chemognosis,1
polycystosis,1
diverticilosis,1
earlyfibrosis,1
paraphimsosis,1
nerviosis,1
mastosytosis,1
hyperleukocytosis,1
chronicbackitchynessbullshitdiseaseosis,1
pneumonoultramicroscopicsilicovolcaniconiosis,1
endomiteriosis,1
bromohydrosis,1
monodosis,1
pyrelonephrosis,1
chronognosis,1
penguinmania,1
cathomania,1
piterosis,1
trichtotilimania,1
hyperhindrosis,1
hypomelanosis,1
thombrosis,1
keraconatosis,1
nipplamania,1
alkalinosis,1
vagismosis,1
hyperhiddrosis,1
hindererosis,1
methoemorphosis,1
kinpsychosis,1
corbynmania,1
groupgnosis,1
kristiania,1
scriptomania,1
cervocrania,1
stomatosis,1
savagepsychosis,1
sunaromania,1
mathewmatosis,1
coccidiodomycosis,1
hydroneprosis,1
syimbosis,1
hypehydrosis,1
yolomania,1
nippleosis,1
osteioperosis,1
tyroxicosis,1
tumouritisyphylisosis,1
tichotrillomania,1
divirtiulosis,1
brushteoporosis,1
arthrosclerosis,1
artrogriposis,1
diablosis,1
endonitriosis,1
philavania,1
methamorphsosis,1
kitchenmania,1
cancerosiseriusisoliosis,1
fibermyosis,1
oniomania,1
aphrodeania,1
dualassosis,1
chroniosynomstosis,1
fattyosis,1
althoscrosis,1
myaxmatosis,1
bobinsania,1
demonomania,1
trictomania,1
ceremorphosis,1
stickittodamaneosis,1
rhamdomyosis,1
suprapedalsubcranialidiopathosis,1
phrenosis,1
endomteriosis,1
scytzofania,1
hemophagocytosis,1
endrometosis,1
orthonecrosis,1
amatitlania,1
tasetosis,1
teramelosis,1
heterohypnosis,1
stareyecloriosis,1
firepyromania,1
paulmania,1
scolioliosis,1
halittosis,1
turerculosis,1
tristimania,1
eggedosis,1
emdometriosis,1
monkeynucleosis,1
ciudadania,1
listomania,1
pneumonocosis,1
trichotellemania,1
aniihydrosis,1
arteroclerosis,1
megalavania,1
tricholittamania,1
osteopuuuurrrrosis,1
diegnosis,1
craniosynosis,1
nerofibermatosis,1
acanthrosis,1
hyperatosis,1
pseriosis,1
antanosis,1
anvilania,1
nuditridosis,1
scolerosis,1
trichityllomania,1
magelovania,1
tetanosis,1
trichptillomania,1
megasnortmania,1
redshitpsychosis,1
trichotomania,1
enrometriosis,1
endomyosis,1
cliedocranialsynistosis,1
toxolpasmosis,1
isnomania,1
icthiosis,1
blepherophimosis,1
pseudotuberculosis,1
trihclomania,1
bothamania,1
trirchotillomania,1
vaginiosis,1
scardosis,1
manzelmania,1
bromydrosis,1
pneumonoultramicroscopicsilicovolcanokoniosis,1
macropinocytosis,1
treyburkulosis,1
paracoccidioidomycosis,1
malletosis,1
osioprosis,1
dysdidrosis,1
genitania,1
philistiania,1
anihedrosis,1
anthracosis,1
schooliosis,1
hypovitiminosis,1
kyphoscolosis,1
golfmania,1
nohatfitosis,1
lemularicthyosis,1
osteoprobosis,1
pollenosis,1
hopsitosis,1
hostamania,1
borreilosis,1
dedimania,1
ketodosis,1
challengemania,1
tuberkulosis,1
andomiosis,1
lychensclorosis,1
mycardosis,1
phschosis,1
costochondrosis,1
tyromania,1
thebaldmania,1
tritchotillomania,1
sacarosis,1
scizophrania,1
haemobartonellosis,1
maurytania,1
abracadania,1
kyfoscholiosis,1
nercrosis,1
scopolomania,1
inttavrania,1
hilomania,1
hyoerhidrosis,1
caiphosis,1
dumbfaggotitalianosis,1
